date,cases,week_mean_cases,tests,week_mean_tests,R_eff,sigma_cases,sigma_tests
2020-04-01,549,347.0,16834,16462.14285714286,1.11090434164789,115.85582172930037,24431.93459054634
2020-04-02,438,310.0,75356,14845.857142857143,1.0576627416981,81.78368681204968,24726.33515348461
2020-04-03,411,286.85714285714283,6153,4871.0,1.01250422751188,63.06782872755461,1103.7385818856098
2020-04-04,253,279.14285714285717,5791,5200.0,0.957269714021202,49.18602754972645,1646.584603700295
2020-04-05,183,272.0,4282,5263.0,0.900201323176993,55.667379522096624,1676.1625389987862
2020-04-06,306,261.7142857142857,2880,5208.714285714285,0.865788307579368,74.59550788028973,1712.8079463922654
2020-04-07,289,230.42857142857142,3939,5302.285714285715,0.836884579090332,93.09266833622927,1597.0104851865933
2020-04-08,290,210.57142857142858,5520,5223.0,0.775237673804113,93.30572964011091,1674.615776827628
2020-04-09,276,187.57142857142858,5532,5149.428571428572,0.751762448243621,90.69864882102259,1671.2609317640427
2020-04-10,357,164.0,8456,5218.428571428572,0.773092463505526,85.97175615946703,1695.427367711066
2020-04-11,203,127.28571428571429,6232,4932.714285714285,0.780901208007935,36.153301709384664,1230.5401501879123
2020-04-12,111,106.85714285714286,3902,4993.857142857143,0.736842586332865,26.78714281904965,1302.1304991185384
2020-04-13,87,97.71428571428571,3535,4909.571428571428,0.705654710790084,33.813413592471115,1386.443018987062
2020-04-14,150,95.0,3384,4933.857142857143,0.68956772724664,35.29467786670231,1363.4508140923087
2020-04-15,129,83.57142857142857,5005,5317.428571428572,0.691492626067991,27.78929466465789,1246.1133698874453
2020-04-16,111,75.57142857142857,6015,6427.571428571428,0.695342417173944,20.72167355939285,2872.91155734501
2020-04-17,100,68.28571428571429,6456,6145.571428571428,0.726683728849742,15.219482680473225,2993.9029880810795
2020-04-18,60,65.28571428571429,6660,6202.0,0.76070166898739,9.764575708934322,3002.930949208504
2020-04-19,47,65.57142857142857,3312,6451.0,0.743560704089006,9.634123028621351,3101.239153260239
2020-04-20,68,63.857142857142854,3705,6912.428571428572,0.725819572994146,13.195546558577702,2828.132541708289
2020-04-21,70,64.14285714285714,6069,7084.0,0.703912222570718,13.303367687797504,2659.7646512426622
2020-04-22,73,61.142857142857146,12776,7222.857142857143,0.683791121027863,13.994167881438237,2628.3370858272147
2020-04-23,60,59.42857142857143,4041,6565.714285714285,0.612632641541073,13.145962366088389,1483.4958437310659
2020-04-24,79,58.57142857142857,6851,7223.428571428572,0.621756531311305,13.275725891987362,1214.5810397173243
2020-04-25,62,52.57142857142857,8403,7341.857142857143,0.674317291536698,12.128563015309213,1212.9083616982575
2020-04-26,35,47.714285714285715,6542,6932.857142857143,0.730268502665811,14.037849710329425,1267.6031858332851
2020-04-27,70,44.42857142857143,4906,6674.857142857143,0.750286916811866,18.584610706227902,1485.895057683745
2020-04-28,49,38.714285714285715,7041,6647.714285714285,0.753085748961301,15.78167369101883,1519.3183353338538
2020-04-29,61,39.42857142857143,8176,6615.0,0.77037852682834,16.334513354569587,1512.9499094720315
2020-04-30,54,37.285714285714285,8645,6357.142857142857,0.78850766113883,14.209798286637948,1372.1986974582514
2020-05-01,37,35.0,7680,5927.857142857143,0.822656805041419,12.524262168173536,1012.1056450463528
2020-05-02,28,36.857142857142854,5540,5712.857142857143,0.854898459871633,13.600720269042176,740.4636440523365
2020-05-03,12,37.142857142857146,4736,6010.142857142857,0.834905631575177,13.431610598335038,987.8174250873095
2020-05-04,30,37.57142857142857,4716,6021.857142857143,0.825805035950626,12.647497130795065,973.0134969804491
2020-05-05,54,42.714285714285715,6812,5773.285714285715,0.843640409668455,15.51694268224516,1402.3834521766062
2020-05-06,46,40.42857142857143,6371,6204.428571428572,0.870782422868096,14.850273137046939,1994.4053791359797
2020-05-07,38,41.285714285714285,5640,6285.428571428572,0.849095879284175,15.313059652413274,2010.970757558424
2020-05-08,50,43.57142857142857,6175,6673.142857142857,0.869600634292593,15.837181773617813,2108.4244915895597
2020-05-09,30,48.0,7621,6754.571428571428,0.897399120759332,20.6259198929059,2098.5974811180686
2020-05-10,15,45.857142857142854,4818,6529.0,0.84181375918258,23.024388134749465,2078.105662101218
2020-05-11,66,47.42857142857143,2976,6571.571428571428,0.908282067856818,21.165046271470075,2045.4138147253695
2020-05-12,38,46.285714285714285,9830,6655.0,0.900493490616012,20.330935511567347,1904.0832064652157
2020-05-13,52,49.57142857142857,6938,6160.142857142857,0.924670704010063,20.58332989066043,1397.3158379623442
2020-05-14,54,46.42857142857143,8354,6191.428571428572,0.979669127866565,21.625759394475725,1416.6989656181986
2020-05-15,81,43.142857142857146,6745,5861.571428571428,1.09087503927512,21.970295345102222,1110.4913786431734
2020-05-16,15,35.57142857142857,6042,5591.0,1.09280200708619,15.918158031067565,1092.878505860294
2020-05-17,26,36.857142857142854,5116,5567.142857142857,1.06109665986394,14.505452880393156,1084.5640899947418
2020-05-18,58,37.57142857142857,3560,5621.142857142857,1.04862065693151,14.06979685970872,1070.0709493929335
2020-05-19,61,32.857142857142854,6366,5610.285714285715,1.05643200534555,11.776836483157114,1091.1073947777898
2020-05-20,30,27.285714285714285,7157,5535.714285714285,1.02960896257726,3.368521749300456,1054.121125364052
2020-05-21,31,30.142857142857142,6045,5587.714285714285,0.981348153562947,8.708428945216099,1138.4239373908517
2020-05-22,28,28.428571428571427,4851,5962.142857142857,0.976549496970521,9.514757603055264,1574.6844970679435
2020-05-23,24,30.428571428571427,5875,6259.142857142857,0.999059475601869,10.621503025966346,1532.6011901872141
2020-05-24,31,31.571428571428573,5494,6540.0,0.938873623161448,10.293647734086754,1614.426302348387
2020-05-25,25,27.857142857142858,3484,6668.142857142857,0.926024916567337,13.891709464163679,1561.0320238841473
2020-05-26,22,27.0,5844,6639.857142857143,0.887674681793208,14.222718245318449,1619.182812282738
2020-05-27,50,26.142857142857142,7521,6456.142857142857,0.906593207600568,14.67192237310602,1765.4119251059008
2020-05-28,19,26.571428571428573,8666,6321.714285714285,0.825663855981098,15.388837725137407,1714.2960833019742
2020-05-29,42,26.285714285714285,6930,6299.142857142857,0.915047608966838,15.544537724269079,1684.0546672982382
2020-05-30,32,29.857142857142858,7841,6449.571428571428,0.965029930130129,20.746280709209206,1778.09182288549
2020-05-31,5,29.714285714285715,6391,6252.714285714285,0.86903322989045,20.73447292185019,1687.0985841535937
2020-06-01,19,32.57142857142857,3286,5866.142857142857,0.800413373233928,18.375893703103397,1906.832933619171
2020-06-02,16,33.285714285714285,4558,6134.428571428572,0.805236563500385,17.92615236952733,1638.1221703212368
2020-06-03,53,33.142857142857146,6580,6363.285714285715,0.909247469989319,18.06676958577006,1508.6894704899835
2020-06-04,17,30.428571428571427,8508,6198.0,0.923891356154402,16.21161085551378,1538.9673717881647
2020-06-05,67,31.142857142857142,7983,5549.285714285715,1.069423763589,15.706491573582575,1377.0773102361925
2020-06-06,31,26.857142857142858,6463,5304.571428571428,1.07579118539366,7.039248568431382,1031.7572883390824
2020-06-07,25,25.571428571428573,3685,5009.142857142857,1.0593387994322,6.986868148935705,950.6448080226432
2020-06-08,24,24.571428571428573,5164,5034.714285714285,1.04425861256597,7.4805871209063115,916.4761261461852
2020-06-09,15,28.714285714285715,6160,4701.285714285715,0.9379818120343,12.417893606914705,1191.9568202013402
2020-06-10,34,29.285714285714285,5423,4539.857142857143,0.976968969721607,11.85283915010945,1051.7413354692749
2020-06-11,22,28.857142857142858,3967,4895.857142857143,0.934958015868562,11.728214715299309,1579.6751409769063
2020-06-12,37,30.285714285714285,6270,5088.0,0.961806496689792,11.410700312980492,1536.2097141062109
2020-06-13,22,32.42857142857143,4395,5078.428571428572,1.02232491798685,13.657621031676706,1529.0072275960033
2020-06-14,18,33.857142857142854,3864,5318.857142857143,1.02522708522524,12.999215046945515,1534.9485266913143
2020-06-15,53,35.42857142857143,2830,5106.285714285715,1.12037546078009,11.574073771730912,1801.5850730704349
2020-06-16,19,32.285714285714285,5030,5447.142857142857,1.01279441774007,9.098104758908947,1546.2968139185614
2020-06-17,31,35.714285714285715,7915,5681.857142857143,1.03140275207665,7.886956423909863,1589.263929224688
2020-06-18,32,36.285714285714285,5312,5424.142857142857,0.932036342950468,7.666518779999279,1331.6283725007438
2020-06-19,52,38.0,6203,5473.714285714285,0.990200197234827,7.855844048495726,1332.9890916160368
2020-06-20,32,41.142857142857146,6078,5473.142857142857,1.01823278043816,14.45612644648402,1332.6771582657466
2020-06-21,29,43.0,2376,5612.428571428572,1.03357368688897,13.98979219696582,1435.5930439212575
2020-06-22,31,47.714285714285715,5216,5990.857142857143,1.06945257932382,14.037849710329425,686.0484007439019
2020-06-23,43,50.285714285714285,6673,5796.428571428572,1.0783195734402,12.279067969682457,999.3927952430283
2020-06-24,35,58.57142857142857,6111,5754.714285714285,1.0900123969284,21.02282530188246,967.5202049253419
2020-06-25,44,67.14285714285714,5659,6040.285714285715,1.08202376564063,21.879073964659025,1276.2803895120621
2020-06-26,74,72.28571428571429,6199,6351.0,1.18053013864811,19.983666800052244,1403.9978632462373
2020-06-27,45,80.85714285714286,7053,6437.571428571428,1.2014934389903,29.48815050843581,1410.6239609419918
2020-06-28,62,89.57142857142857,5025,6454.857142857143,1.16516189999414,26.46214084232762,1418.7772832942585
2020-06-29,49,91.57142857142857,3855,6469.142857142857,1.17011683246547,24.778199766598654,1404.7421144691525
2020-06-30,101,94.42857142857143,6381,6818.571428571428,1.25465749007975,20.48593345170669,937.5446438349875
2020-07-01,95,93.0,8110,6770.428571428572,1.30293470416682,20.325915899237042,966.9685852694281
2020-07-02,80,96.28571428571429,7834,6764.857142857143,1.26034466359571,22.15990127436934,959.31633819856
2020-07-03,134,95.14285714285714,6805,6718.142857142857,1.33558982398207,23.154318149744594,912.9582103675671
2020-07-04,106,91.0,7174,6854.142857142857,1.34678852108988,17.80850519113991,983.9175965164429
2020-07-05,76,88.71428571428571,5125,7004.285714285715,1.29212822139873,16.730761110808402,1095.1710517782421
2020-07-06,69,85.28571428571429,6301,6990.857142857143,1.21999627471046,20.919671437697687,1118.4604761611802
2020-07-07,91,89.42857142857143,6044,6644.428571428572,1.1998608244301,20.141337328681903,1564.929013190864
2020-07-08,118,94.0,8071,6854.142857142857,1.21144230320227,23.35441224755124,1568.7722614080303
2020-07-09,72,95.71428571428571,7507,6867.571428571428,1.14218436923446,25.40367963062655,1579.4966519335796
2020-07-10,105,105.57142857142857,7757,7231.142857142857,1.14630821786183,27.58289916833639,1937.2327412775037
2020-07-11,90,108.28571428571429,8225,7275.571428571428,1.12516992203876,28.318163205740216,1952.2910246420636
2020-07-12,52,107.0,5031,7340.142857142857,1.08553543485472,29.306264566763588,1989.740932782918
2020-07-13,98,112.0,3876,7418.428571428572,1.04970495387915,21.420951025973213,1906.382727062123
2020-07-14,123,110.85714285714286,7512,13974.285714285714,1.05014257290739,22.331454891050434,14665.011457930215
2020-07-15,130,112.85714285714286,8165,13924.57142857143,1.078267226116,23.901157003845004,14687.407053635563
2020-07-16,141,117.42857142857143,10052,14055.42857142857,1.06341838273964,29.212801219705735,14639.511787889482
2020-07-17,124,114.0,8068,14240.857142857143,1.05845371482023,27.609522166921224,14595.783906208488
2020-07-18,81,118.14285714285714,8677,14204.0,1.04429256658552,30.791597051461814,14611.642148838519
2020-07-19,87,122.57142857142857,5579,13971.42857142857,1.04194601981211,27.14436086060256,14710.386387633376
2020-07-20,90,124.57142857142857,49767,14175.57142857143,1.02619431820591,24.870275676897876,14602.02057306887
2020-07-21,137,125.42857142857143,7164,7819.0,1.03287900999141,23.741808469191117,1782.159043728381
2020-07-22,162,127.71428571428571,9081,7943.714285714285,1.09290695143679,25.45424065547701,1762.395262483558
2020-07-23,117,119.14285714285714,11350,7988.714285714285,1.08383152242697,22.38257339621016,1794.587076602917
2020-07-24,153,129.57142857142858,7810,7715.0,1.10454291402624,33.2988937733765,1352.7734474035185
2020-07-25,112,125.28571428571429,7049,8088.571428571428,1.11830280953066,31.90931026569915,1654.7834435049074
2020-07-26,101,118.14285714285714,7008,8132.714285714285,1.08628145152775,38.91172636853307,1630.405007903226
2020-07-27,96,113.71428571428571,5271,8202.285714285714,1.03804707620379,42.233075344583,1590.838028415546
2020-07-28,153,113.28571428571429,8037,8181.142857142857,1.03161854080232,42.425444810242574,1630.1531416729297
2020-07-29,102,103.28571428571429,9396,7938.857142857143,0.994512643166154,40.07034630573118,1754.839303067901
2020-07-30,190,111.42857142857143,9434,7614.285714285715,1.03172893936169,44.52561748302765,1663.023383933673
2020-07-31,123,101.28571428571429,10425,8177.0,1.05405493286732,31.716216157463343,2591.040221334171
2020-08-01,62,96.57142857142857,7358,8120.571428571428,1.026917391208,30.570093428789157,2545.3667070717706
2020-08-02,70,102.57142857142857,7495,8202.857142857143,1.00454282919673,27.12330122584187,2528.63991836218
2020-08-03,93,102.85714285714286,5123,8079.142857142857,0.970090326386585,26.78714281904965,2580.8904016455485
2020-08-04,83,112.14285714285714,6341,7903.0,0.921614808856003,32.43203254028149,2808.6580425534185
2020-08-05,159,127.0,7124,8247.142857142857,0.962266554713827,38.862394603082734,2743.002652390334
2020-08-06,119,131.42857142857142,13373,8445.142857142857,0.955697693090769,43.71942080016661,2704.5374797905533
2020-08-07,90,150.28571428571428,10030,7747.571428571428,0.954742345552134,59.80137190426866,1832.7830404795293
2020-08-08,104,187.28571428571428,7934,8018.142857142857,0.969801116110351,85.6099364822203,2243.5389409573077
2020-08-09,72,194.71428571428572,6629,7730.714285714285,0.964286264677746,80.14222052204495,2361.679106924061
2020-08-10,158,208.57142857142858,3890,8088.857142857143,0.978613320363318,64.6061853360301,2357.5376639058586
2020-08-11,187,223.0,8750,8329.857142857143,1.04550679003502,62.95803591055145,1970.4366759369739
2020-08-12,190,232.28571428571428,8510,9054.285714285714,1.04607924941325,61.74536254584928,2764.0781834242016
2020-08-13,251,254.71428571428572,8490,9450.42857142857,1.12314644188554,70.24185623506072,2854.903393769236
2020-08-14,349,266.14285714285717,11924,9989.857142857143,1.28958786303471,75.0512749895098,2976.610029094528
2020-08-15,156,259.42857142857144,5922,10282.42857142857,1.27888931388926,69.21365914503363,3241.22590816424
2020-08-16,169,269.85714285714283,9136,11114.42857142857,1.23236288786141,57.32221850813067,2720.870493959233
2020-08-17,259,273.2857142857143,5577,10928.142857142857,1.2452648965091,51.62146365809557,2889.369552023982
2020-08-18,252,271.0,13821,11019.857142857143,1.21040323998604,52.54929658357542,2723.485446921249
2020-08-19,347,278.0,11283,10314.42857142857,1.24885540317359,52.81504114765576,2539.9089329649405
2020-08-20,331,274.0,12266,10004.0,1.28144932948262,48.30557495184765,2535.3477642552875
2020-08-21,302,259.0,13972,10258.0,1.2767937327665,44.42328861564136,2822.087930188265
2020-08-22,229,272.14285714285717,11746,10362.142857142857,1.24640024513767,64.34378329706446,2966.9559883379957
2020-08-23,193,273.2857142857143,7832,10512.57142857143,1.17246567156415,63.634479166372614,3058.5852405106166
2020-08-24,243,277.57142857142856,6219,11015.0,1.12433847220273,58.91848398509623,2859.3634156674
2020-08-25,301,274.57142857142856,8883,11357.857142857143,1.11160387462622,61.09677836458001,2364.863537504946
2020-08-26,319,272.42857142857144,9110,11862.57142857143,1.09518965274692,60.39124142469938,2150.071417893093
2020-08-27,226,288.14285714285717,14044,13052.714285714286,1.02500753311219,81.19364607692714,2563.1115417613423
2020-08-28,394,308.14285714285717,14701,12716.285714285714,1.07703046437575,80.66408046677914,2565.4730955676837
2020-08-29,237,306.14285714285717,12799,12649.285714285714,1.08018295216406,78.6591717864004,2518.458752847844
2020-08-30,223,303.2857142857143,11349,12437.714285714286,1.04723637462992,81.43308258180768,2558.878421400713
2020-08-31,222,323.85714285714283,8619,11961.857142857143,1.02008695822785,76.59807638656763,2990.425360502197
2020-09-01,286,348.7142857142857,12416,12216.0,0.990032016532949,67.16230721322847,2762.4353127526547
2020-09-02,429,386.7142857142857,17441,11907.142857142857,1.01485125301152,91.69781783618609,2842.5098782877194
2020-09-03,366,424.14285714285717,11689,11070.142857142857,1.03190755100518,141.34802901392877,1737.6994996317426
2020-09-04,380,457.2857142857143,14232,11539.0,1.06878871245921,150.71800943267178,2217.8532091062425
2020-09-05,217,535.8571428571429,11318,11475.714285714286,1.06081635938876,218.201367398772,2145.238096295122
2020-09-06,367,564.1428571428571,8018,11955.142857142857,1.07610276315945,185.40259558317837,2414.525119152917
2020-09-07,396,570.8571428571429,10398,12320.142857142857,1.07961647231149,178.87779433491025,1937.8253959802782
2020-09-08,552,631.4285714285714,10254,12169.285714285714,1.11643625733392,181.1848757034468,2114.6282155017034
2020-09-09,691,655.8571428571429,11582,12575.857142857143,1.20433404700727,180.3547524594067,1976.3738388828183
2020-09-10,598,679.1428571428571,14971,13111.42857142857,1.20375145094755,193.43690634078564,2136.0035351189886
2020-09-11,930,708.8571428571429,13789,13154.42857142857,1.2991842681153,194.66192567146368,2175.667310251721
2020-09-12,415,700.8571428571429,14674,13878.0,1.25470646463403,186.3839574422561,2965.329227686435
2020-09-13,414,736.8571428571429,10573,14372.285714285714,1.20409026099433,148.09883627538215,3323.5508856937813
2020-09-14,820,745.0,9342,14659.57142857143,1.2281136701862,130.6642371008336,3059.1220896171626
2020-09-15,723,711.0,13100,15241.0,1.20678330013823,137.51051907815219,2281.0101145889603
2020-09-16,854,710.4285714285714,15331,15448.42857142857,1.21793112215942,137.4677698775318,2138.4474913986987
2020-09-17,806,703.2857142857143,15272,15632.142857142857,1.2142667451572,130.96751427708463,2175.388860382794
2020-09-18,874,682.0,18854,16095.857142857143,1.24112493109481,124.49211105241052,2385.056718617066
2020-09-19,667,666.1428571428571,18134,16318.0,1.20711391300562,104.48845263804932,2685.141283859327
2020-09-20,471,655.2857142857143,12584,16219.285714285714,1.14477142317873,107.7334200511539,2628.672762021914
2020-09-21,582,665.8571428571429,13412,15830.857142857143,1.09171941265127,91.54612977920488,3261.790718896225
2020-09-22,719,688.2857142857143,14552,15985.285714285714,1.05608662201907,87.3919157518332,3167.8520309187297
2020-09-23,804,694.0,16617,16275.857142857143,1.05515025196848,90.46704214400798,3115.9161197481103
2020-09-24,657,701.0,18518,18389.0,1.00597351260073,100.09138681367999,6159.7838320141445
2020-09-25,763,720.1428571428571,20409,18398.714285714286,1.03574245042172,102.62752147092567,6160.033226122954
2020-09-26,591,756.0,17443,18603.0,1.04785946657703,146.01467636606162,6246.419019840774
2020-09-27,545,774.1428571428571,9865,18319.14285714286,1.0064308166351,131.56033767431424,6337.171956650953
2020-09-28,739,801.5714285714286,14493,18696.285714285714,0.999981635980587,96.18710508001304,5885.263769165581
2020-09-29,759,828.4285714285714,16586,18325.14285714286,0.986017884859018,101.08816115911206,6211.509534233813
2020-09-30,853,874.0,31409,18561.0,0.992572995843451,127.87270455976353,6172.215462399682
2020-10-01,791,934.1428571428571,18586,16729.571428571428,0.986088912867052,188.48980917616026,3340.754228662523
2020-10-02,1014,979.5714285714286,21839,17183.285714285714,1.02796828726933,186.8298363621347,3752.3799196276077
2020-10-03,718,1014.7142857142857,15456,16717.0,1.0540035128028,211.5073212415483,3323.116480482913
2020-10-04,737,1057.0,12505,17359.85714285714,1.0604474418609,174.27072535077633,3449.841918886447
2020-10-05,927,1070.2857142857142,11895,17555.714285714286,1.06633643641966,151.41495895689556,3198.414058528995
2020-10-06,1078,1101.0,18237,17809.0,1.07644245090121,140.65865470299772,2783.382525941105
2020-10-07,1274,1135.857142857143,18589,18304.85714285714,1.11831493488195,159.59809215779543,3105.9487820527074
2020-10-08,1109,1158.857142857143,21762,18082.571428571428,1.12358476963044,187.08319659707442,3133.2190592854163
2020-10-09,1260,1217.857142857143,18575,17804.14285714286,1.15266951343189,223.6134602206154,2869.3693397963366
2020-10-10,1014,1294.2857142857142,19956,17453.285714285714,1.15239608862514,302.4777272960839,2903.6121206074986
2020-10-11,830,1361.5714285714287,13876,18189.428571428572,1.11298134544705,284.4969782128536,3920.090773626216
2020-10-12,1142,1414.2857142857142,13668,18395.0,1.10503869650539,203.8835201675662,3721.1871761576303
2020-10-13,1322,1486.2857142857142,21708,18521.0,1.10892323654696,182.92989624108878,3570.8942857497195
2020-10-14,1435,1580.0,17033,18201.14285714286,1.12806289926766,235.29920162574774,3365.4669991620744
2020-10-15,1522,1754.2857142857142,19813,18778.85714285714,1.13090166112033,432.5227373992574,3461.0959630305138
2020-10-16,1795,1998.2857142857142,16119,19559.571428571428,1.17310433264265,656.4575308395192,4153.434030401585
2020-10-17,1485,2220.1428571428573,25109,21260.285714285714,1.17842300547348,797.5332377438087,4785.6797610694975
2020-10-18,1199,2432.1428571428573,15315,21128.85714285714,1.14268632948628,770.7286772123839,4689.851762158417
2020-10-19,1646,2614.4285714285716,14550,21475.85714285714,1.12578726482691,586.3638210294398,4322.308028574265
2020-10-20,1978,2776.5714285714284,19469,22713.85714285714,1.13004412911403,433.0321192781554,3275.635573161835
2020-10-21,2655,3118.8571428571427,21077,21948.571428571428,1.18436972712807,586.3400838059351,4382.949621859131
2020-10-22,3230,3377.8571428571427,25278,22848.85714285714,1.25018641999057,711.3386632804034,4743.8388441843
2020-10-23,3348,3637.4285714285716,28024,22738.571428571428,1.30922611622963,912.9664142066716,4694.804053636404
2020-10-24,2969,3975.714285714286,24189,22509.571428571428,1.32569602033969,1150.7875209470021,4464.874557736928
2020-10-25,2475,4235.857142857143,17744,23160.0,1.28153028682491,1098.443759997548,4965.696872400835
2020-10-26,2781,4522.142857142857,23216,23956.0,1.24343631933904,830.7341724680178,4453.938642209997
2020-10-27,4374,4866.571428571428,14112,23989.428571428572,1.27505503201464,450.0075736324119,4449.134742754334
2020-10-28,4468,5150.428571428572,27379,25670.714285714286,1.29870987971339,637.4294038542301,1881.9061548095867
2020-10-29,5047,5528.0,24506,25964.14285714286,1.31678305882356,863.9133554438696,2249.5982770626547
2020-10-30,5716,5800.285714285715,26421,26482.285714285714,1.34924441753133,963.9732827189343,2271.667211183748
2020-10-31,4790,6139.428571428572,28742,27431.714285714286,1.34086724472203,1249.872777199213,3233.0460521789983
2020-11-01,4479,6215.714285714285,23316,27584.285714285714,1.30127731958066,1179.497679315311,3315.430491948033
2020-11-02,5192,6396.285714285715,23450,28091.571428571428,1.27151483144506,979.6167930494503,2864.5473268485375
2020-11-03,6361,6547.285714285715,25881,28509.571428571428,1.2598515201459,856.0144715541929,2318.107347270481
2020-11-04,7111,6700.571428571428,29433,28603.714285714286,1.25314981576198,903.6758042482235,2220.7828551652497
2020-11-05,6953,6995.714285714285,28133,28909.14285714286,1.23962466962286,1257.5992677985093,2449.116425429
2020-11-06,8090,7182.285714285715,33067,30351.0,1.25327247284893,1332.0926302289208,4029.107735325173
2020-11-07,5324,7029.0,29810,30245.428571428572,1.22069395802549,1279.5196643383686,3965.742944523865
2020-11-08,5743,6997.0,26867,30710.714285714286,1.19210498732308,1323.7955172263469,4076.8694472347183
2020-11-09,6249,6835.285714285715,26376,30741.14285714286,1.15329517894138,1521.4871216098052,4048.765541268507
2020-11-10,7434,6810.428571428572,26540,30720.571428571428,1.14084268446008,1532.2457707694339,4071.195888087882
2020-11-11,9177,6823.142857142857,31571,31079.14285714286,1.15070263416199,1537.7267478392928,3787.8766923877943
2020-11-12,8259,6431.285714285715,38226,31301.571428571428,1.13807006955422,1200.4849870288394,3855.3421140446835
2020-11-13,7017,6195.285714285715,32328,30314.428571428572,1.12075695629987,955.3319115493263,2653.2185229664456
2020-11-14,5100,6116.428571428572,33067,30437.571428571428,1.0875893642496,905.7448169707557,2761.605943605116
2020-11-15,4611,6124.0,27080,30114.85714285714,1.04776736575784,897.3995765543908,2560.1222866201097
2020-11-16,6075,5813.428571428572,26232,30507.85714285714,1.02207260637997,1524.4155654960134,2257.3263849437603
2020-11-17,7523,5603.857142857143,29050,29677.85714285714,1.01481062470691,1574.080087685814,4040.6491143510743
2020-11-18,6434,5349.571428571428,33128,29537.85714285714,1.00248481703699,1374.6542273960965,4076.793502902265
2020-11-19,6607,5200.571428571428,31316,29172.285714285714,0.982696356884426,1303.73330501765,3846.7119434018196
2020-11-20,6465,4973.428571428572,33190,29458.285714285714,0.996979901738811,1170.6252123353154,4063.7634462329097
2020-11-21,5153,4655.142857142857,30808,28580.85714285714,0.992905292053107,1014.2516493273577,3819.0094612747585
2020-11-22,2437,4453.0,29831,29923.285714285714,0.95081770815112,1035.6641761277087,5601.524836131312
2020-11-23,4608,4446.428571428572,20422,28832.714285714286,0.924764581156258,1048.5014963056094,6222.0933021953715
2020-11-24,5743,4270.142857142857,28070,28065.85714285714,0.899382241675858,1108.5349957194378,7425.799416870337
2020-11-25,5391,4011.8571428571427,30569,27369.0,0.887461872005476,931.8170311771709,7619.080146954374
2020-11-26,5017,3751.714285714286,33318,26982.285714285714,0.891448204605911,746.1772509236116,7514.831900301957
2020-11-27,4237,3557.4285714285716,27048,26693.14285714286,0.910896463404542,540.0076341108144,7301.4017133418865
2020-11-28,3738,3465.1428571428573,40205,26925.428571428572,0.928050243270189,466.13162720153525,7334.78448134334
2020-11-29,2391,3340.5714285714284,22197,24046.571428571428,0.90251034634733,492.34797715868086,5202.499010973829
2020-11-30,3374,3294.285714285714,15054,23463.85714285714,0.867865193858922,585.8019446599225,5590.963689704293
2020-12-01,3935,3171.1428571428573,23192,23395.714285714286,0.860634617871325,643.8294868699828,5694.987187099238
2020-12-02,3570,2985.0,27862,22888.714285714286,0.849962121262532,581.4105999328578,5846.515145532318
2020-12-03,3657,2829.4285714285716,31294,21815.714285714286,0.844575181600449,548.8483675954998,5515.16474858926
2020-12-04,3591,2748.4285714285716,28674,21333.0,0.859498288418623,454.46007435601365,4760.726085078079
2020-12-05,2866,2640.5714285714284,20053,20864.428571428572,0.908057429401181,307.53576198217854,4135.492986924045
2020-12-06,2067,2607.714285714286,18118,22416.428571428572,0.897538109119182,293.6697437042961,5388.492549793836
2020-12-07,2512,2670.285714285714,14577,22857.0,0.866188371940924,205.10116966004452,5139.352238227249
2020-12-08,2632,2703.1428571428573,19643,23283.428571428572,0.844214197761846,195.30081454839177,4521.319745925735
2020-12-09,2481,2721.1428571428573,20351,23482.571428571428,0.829887840227836,193.71439106613232,4385.242161651569
2020-12-10,3090,2708.0,27915,24682.0,0.847755989269924,211.83484132691675,4511.089637137098
2020-12-11,2836,2545.1428571428573,25394,24725.0,0.871787642708417,282.10961829525394,4543.023411153162
2020-12-12,2636,2447.285714285714,30917,25585.0,0.917878301810904,283.04957379316045,5121.26368333888
2020-12-13,2505,2285.714285714286,21202,25996.85714285714,0.929537464133828,419.24616508535354,5624.690580151852
2020-12-14,2742,2121.1428571428573,17562,26538.0,0.924213638979679,515.842564180592,5310.81465367737
2020-12-15,2758,2030.4285714285713,21037,27023.0,0.924409180652928,450.3629828555302,4572.67780252603
2020-12-16,2389,2001.7142857142858,28747,28226.714285714286,0.912471081079321,407.4193046431629,3897.70231635752
2020-12-17,1950,2068.1428571428573,28216,29611.428571428572,0.891462645853119,493.8832796092119,5304.486722365803
2020-12-18,2151,2047.7142857142858,31414,29745.0,0.898049325263891,501.250069978111,5279.379563114266
2020-12-19,1505,1924.2857142857142,33800,28345.285714285714,0.911086672902733,563.171811968531,5912.258686450568
2020-12-20,1353,1875.4285714285713,24990,25577.428571428572,0.905273346736154,610.2907637565315,7122.1669426645485
2020-12-21,2107,1924.5714285714287,20957,23423.0,0.915412647296692,579.3079262960138,9005.874892059548
2020-12-22,2557,1927.142857142857,29463,23464.285714285714,0.942613930759728,580.1513173478176,8995.131377017009
2020-12-23,2854,1986.7142857142858,38440,21478.571428571428,0.956489607456257,657.9597717372163,8985.94961763153
2020-12-24,1807,1966.4285714285713,29151,18285.0,0.939498167660758,632.6081741811564,5797.034931756061
2020-12-25,1287,1994.4285714285713,21616,17947.571428571428,0.910424367468474,629.260758383054,5191.894117815988
2020-12-26,1163,2037.857142857143,14425,17782.714285714286,0.885210986830185,588.0817310960948,5090.1177284809355
2020-12-27,1697,2105.285714285714,9909,15722.0,0.875630007491311,505.11291928091657,8076.331982138568
2020-12-28,2125,2133.5714285714284,21246,3321.714285714286,0.884249564487048,486.6644068533872,33645.13894718686
2020-12-29,2974,2157.4285714285716,15563,2086.714285714286,0.939031637008815,489.7430396625962,33119.084212297064
2020-12-30,2712,2155.5714285714284,16085,2070.5714285714284,0.995373756835009,486.6579488549154,33112.53857833979
2020-12-31,2003,2066.1428571428573,26789,3005.5714285714284,1.00345446695894,430.4643434947988,33584.11145959667
